{"cameraMode":{"drawMode":0,"name":"Shaded","section":"Shading Mode"},"sceneLighting":true,"audioPlay":false,"sceneViewState":{"m_AlwaysRefresh":false,"showFog":true,"showSkybox":true,"showFlares":true,"showImageEffects":true,"showParticleSystems":true,"showVisualEffectGraphs":true,"m_FxEnabled":true},"in2DMode":false,"pivot":{"x":2.0685250759124758,"y":9.293416023254395,"z":24.143741607666017},"rotation":{"x":0.0028577526099979879,"y":0.9515843987464905,"z":-0.3072436451911926,"w":0.008850672282278538},"size":9.43945598602295,"orthographic":false}